invoice_number,po_number,invoice_date,invoice_amount,paid_amount,paid_date
INV-10432,PO-5501,2025-02-14,1180.00,1180.00,2025-03-01
0088217,PO-5512,2025-03-22,642.50,642.50,2025-04-05
INV-10501,PO-5518,2025-04-10,380.00,380.00,2025-04-28
INV-10517,PO-5521,2025-04-30,915.75,915.75,2025-05-15
INV-10519,PO-5521,2025-05-02,210.00,210.00,2025-05-20
INV-10600,PO-5530,2025-06-18,1502.40,1502.40,2025-07-02
INV-10611,PO-5534,2025-06-25,299.99,299.97,2025-07-10
INV-09988,PO-5490,2024-11-02,875.00,875.00,2024-11-20
INV-10650,PO-5540,2025-07-30,455.60,455.60,2025-08-14
INV-10701,PO-5550,2025-08-09,1020.00,1020.00,2025-08-25
